Billie Eilish - everything i wanted,/watch?v=EgBJmlPo8Xw,3
Coronavirus: how could it be stopped? ‚Äì BBC Newsnight,/watch?v=o9lVJ6IlE4k,3
Coronavirus: China puts millions in lockdown amid rising deaths,/watch?v=6cplSFezFcg,3
Number of cases of coronavirus in Australia grows | Nine News Australia,/watch?v=8UVcDSDnr9E,3
Nick Kyrgios vs Karen Khachanov Extended Highlights (3R) | Australian Open 2020,/watch?v=00Xl6Q9mWmk,3
TMG - Broke Bitch (OFFICIAL VIDEO),/watch?v=jzd681FFp9U,3
Can You Find Him in This Video? ‚Ä¢ Hidden in Plain Sight #11,/watch?v=K_oXgALpVeY,3
Painting Things for 24 Hours,/watch?v=Ibax7n-IsCQ,3
Jennifer Aniston Scares Fans at Central Perk,/watch?v=U51MiA0JlIc,3
TikTok Star Lil Huddy Confronted During Haircut | Jeff's Barbershop,/watch?v=JEJhLUTMqPU,3
Charades¬†with Martin Short and David Dobrik,/watch?v=mBt8bgU9u14,3
Whose Sidemen Instagram is it?,/watch?v=Hx71Lra3A0Y,3
FIRST TO FIND iPHONE IN RAINBOW POOL BALL PIT!,/watch?v=aDDGEQZ3klE,3
China puts millions under lockdown to contain Wuhan coronavirus | DW News,/watch?v=ltcV3Q-1ztw,3
Pastry Chef Attempts to Make Gourmet Jelly Belly Jelly Beans | Bon App√©tit,/watch?v=VPYhem4GRGY,3
The Track that damaged EVERY 4WD + we find Australia's BEST BEACH CAMPSITE! Glasshouse Mountains 4x4,/watch?v=qmMgfZ1q7PI,3
We Hired a Real Hypnotherapist to Analyze Our Darkest Dreams,/watch?v=5xflNNfNF0o,3
Star Wars: The Clone Wars | Official Trailer | Disney+,/watch?v=ZLW2jkd6E7g,3
The End of the Beauty World,/watch?v=oW78qOFK404,3
Zion Williamson Goes OFF for 17 STRAIGHT POINTS In NBA Debut!!,/watch?v=tV4OVJd_ddI,3
I Tested VIRAL TikTok Life Hacks to see if they work 2,/watch?v=kavAz6QvMQ8,3
Zion Williamson gets first dunk, has monster block vs. Nuggets | 2019-20 NBA Highlights,/watch?v=l55bdIqzjsQ,3
Expensive vs Cheap Guessing Challenge!,/watch?v=r4jLDC3SVO0,3
China Virus: Australia Confirms First Coronavirus Case,/watch?v=WlmHySbqctg,3
How Old Am I?! | Lele Pons,/watch?v=V8KqwSNKByc,3
Coronavirus questions answered,/watch?v=QnSbyoXnyRo,3
Four possible cases of deadly coronavirus being investigated in NSW | ABC News,/watch?v=Vy0geBghNpw,3
REVEALING OUR SON'S DUE DATE!!!,/watch?v=J24JMmT2b5c,3
The 2020 West All-Star Starters Are Revealed | NBA on TNT,/watch?v=gWMzBdpl8bg,3
Highlights Valencia CF vs FC Barcelona (2-0),/watch?v=HFnTN5ohiqg,3
China building 1,000-bed hospital in 5 days to treat coronavirus,/watch?v=cmgPVhubmQA,3
VFX Artists React to BOLLYWOOD Bad & Great CGi 2,/watch?v=ekNjcWNfgDg,3
The Weeknd - Blinding Lights (Official Video),/watch?v=4NRXx6U8ABQ,3
Hit the Home Run, I'll Buy You Anything - Home Run Derby Challenge,/watch?v=4EwfnW67mjU,3
Australia Is BURNING!,/watch?v=SGoRwWBbzJs,3
Virus Expert On The Wuhan Coronavirus Outbreak: 'We Must Treat It Extremely Seriously' | TIME,/watch?v=dcbJdRb6mds,3
Gifting YouTubers GLOW IN THE DARK Hydro Dipped Items! *insane*,/watch?v=J0mw0DfnOuI,3
RuVeal Runway Walk üëë | RuPaul‚Äôs Drag Race Season 12,/watch?v=k3zwCHCrl6M,3
China coronavirus: Authorities shut major tourist sites including the Forbidden City- BBC News,/watch?v=410dkXABTUU,3
12 Most Incredible Finds That Scientists Still Can't Explain,/watch?v=x1MPkV9EFGM,3
Telling 7 Year Old Everleigh Her Mom Is Having A BOY!!! *Cutest Reaction*,/watch?v=lZJmPEIE_sU,3
THE DALE TRUCK RETURNS!!! Firing it Back Up and Going For a RIP! **FREEDOM WARNING**,/watch?v=KT7sYrQaw_M,3
Building a Gravel Forest Road with Rock Jumps!,/watch?v=Z04bUkrVWVY,3
We Hydro Dipped a Nerf Blaster 100 Times! (100 Layers Challenge),/watch?v=GJA32OqD0Vs,3
[VLOG] How I got my abs back!! Full AB ROUTINE + finally showing you *secret*,/watch?v=yl5KpbYkB80,3
FREE STUFF BEAUTY GURUS GET | Unboxing PR Packages ... Episode 23,/watch?v=R3h-TOKolGA,3
5 Gamers vs 1 Fake Gamer,/watch?v=fVsD8KfkTg0,3
Guess My Ethnicity | Lineup | Cut,/watch?v=DlGyHcGuE6c,3
Keith Eats Everything At Shake Shack,/watch?v=07MdzMu2nS8,3
Jhanjar (Full Video) Karan Aujla | Desi Crew | Latest Punjabi Songs 2020,/watch?v=ZnGMxARIxoY,3
$60,000 Extreme Hide And Seek - Challenge,/watch?v=LdMx2U5tby0,3
MAKING MY CHILDHOOD DREAMS COME TRUE!!,/watch?v=03oX9OPZlw8,3
Godzilla,/watch?v=nbqMIBYJlvk,3
UFC 246: Conor McGregor Octagon Interview,/watch?v=6V0UxqD57WI,3
Kiss and Make Up: Rafa Apologises to Ball Girl Like a Gentleman | Australian Open 2020,/watch?v=IlNihz6LFqA,3
I'm Coming Out.,/watch?v=QOOw2E_qAsE,3
Get Ready With Us: Kim and Kylie,/watch?v=tb5JWIGRka4,3
Scramble to stop the spread of deadly coronavirus | ABC News,/watch?v=7SwME2TdQaI,3
$169 eBay Turbo Install,/watch?v=M0EBnnleQWc,3
Conor McGregor emotional after Cowboy Cerrone TKO win at UFC 246 | ESPN MMA,/watch?v=Np0tOnrfqoA,3
Joe Rogan Experience #1411 - Robert Downey Jr.,/watch?v=d5XTDmm0KUQ,3
Stranger Song | Diljit Dosanjh | Simar Kaur | Alfaaz | Roopi Gill | New Punjabi Song 2020,/watch?v=bbOalPurETg,3
Future - Life Is Good (Official Music Video) ft. Drake,/watch?v=l0U7SxXHkPY,3
Jonas Brothers - What A Man Gotta Do (Official Video),/watch?v=XejVB_fba04,3
We Broke Up.,/watch?v=w4Ro3SsYT5s,3
Drone footage shows massive dust storm sweeping across central New South Wales,/watch?v=Esz6ne9x9yM,3
I Went to the MOST EXPENSIVE HOUSE in the WORLD!! **backyard waterpark**,/watch?v=I7YEFrD91Ek,3
TRYING TO STYLE UGLY CLOTHES,/watch?v=ZXV7-RX-QgE,3
Bucket List: Aircraft Carrier,/watch?v=gqdwyXC4Jwk,3
Baby Turtles, Swimming With TIGER SHARK & Close Call With The DEADLIEST Fish In The Sea - Ep 160,/watch?v=cIcseCVSPGk,3
I Tested VIRAL TikTok Life Hacks to see if they work,/watch?v=8lUqamSaLYE,3
Miss Americana | Official Trailer,/watch?v=40RsbcFRwNA,3
Customizing 40 Apple Watches, Then Giving Them To People!!üçé‚åö (Giveaway),/watch?v=Y99X9rx5VLU,3
Brad Pitt: Award Acceptance Speech | 26th Annual SAG Awards | TNT,/watch?v=cVz12M2awA8,3
